City_ID,City,Lat,Lng,Max Temp,Humidity,Cloudiness,Wind Speed,Country,Date
0,chicama,-7.8447,-79.1469,26.3,73,90,2.5,PE,1681518509
1,castro,-24.7911,-50.0119,15.63,98,27,0.71,BR,1681518509
2,nikel,69.4128,30.222,0.1,88,6,4.6,RU,1681518510
3,busselton,-33.65,115.3333,15.29,67,95,3.3,AU,1681518510
4,ulladulla,-35.35,150.4667,20.18,55,32,3.06,AU,1681518510
5,guasdualito,7.2424,-70.7324,31.0,48,20,1.03,VE,1681518511
6,rikitea,-23.1203,-134.9692,25.88,72,22,4.31,PF,1681518512
7,hobart,-42.8794,147.3294,16.81,76,75,2.06,AU,1681518512
8,oro valley,32.3909,-110.9665,25.36,19,1,4.92,US,1681518432
9,tasiilaq,65.6145,-37.6368,0.09,82,47,1.97,GL,1681518512
10,isangel,-19.55,169.2667,27.06,94,100,1.54,VU,1681518513
11,samarai,-10.6167,150.6667,28.53,67,100,6.33,PG,1681518513
12,port moresby,-9.4431,147.1797,29.68,66,40,2.57,PG,1681518513
13,tuktoyaktuk,69.4541,-133.0374,-17.0,85,20,5.66,CA,1681518513
14,kingaroy,-26.5333,151.8333,23.09,48,1,2.5,AU,1681518513
15,vestmannaeyjar,63.4427,-20.2734,6.52,72,5,2.8,IS,1681518514
16,ko samui,9.5357,99.9357,28.95,84,21,0.0,TH,1681518514
17,carnarvon,-24.8667,113.6333,16.94,47,0,10.44,AU,1681518514
18,cape town,-33.9258,18.4232,16.88,67,0,6.17,ZA,1681518436
19,molina,-35.1167,-71.2833,14.85,77,100,3.6,CL,1681518515
20,faya,18.3851,42.4509,14.29,61,0,1.04,SA,1681518515
21,piacabucu,-10.4056,-36.4344,25.34,73,55,3.37,BR,1681518515
22,jamestown,42.097,-79.2353,21.8,33,0,4.63,US,1681518515
23,krasnyy chikoy,50.3643,108.7512,-2.01,55,61,2.23,RU,1681518516
24,hermanus,-34.4187,19.2345,13.58,66,32,2.71,ZA,1681518516
25,kapaa,22.0752,-159.319,26.18,71,75,6.17,US,1681518516
26,ahipara,-35.1667,173.1667,19.86,73,100,8.29,NZ,1681518516
27,santa maria,-29.6842,-53.8069,17.61,77,75,3.09,BR,1681518517
28,chuy,-33.6971,-53.4616,12.32,71,17,3.06,UY,1681518517
29,dunedin,-45.8742,170.5036,16.0,64,3,6.26,NZ,1681518517
30,yumen,40.2833,97.2,11.87,14,100,6.35,CN,1681518518
31,alyth,56.6221,-3.2301,5.24,95,93,1.65,GB,1681518518
32,iqaluit,63.7506,-68.5145,-10.15,85,75,9.26,CA,1681518485
33,ushuaia,-54.8,-68.3,3.81,70,0,4.63,AR,1681518518
34,santa cruz de la palma,28.6835,-17.7642,19.08,63,100,4.63,ES,1681518519
35,avarua,-21.2078,-159.775,27.03,61,100,2.57,CK,1681518519
36,klaksvik,62.2266,-6.589,6.51,84,100,8.07,FO,1681518519
37,anadyr,64.75,177.4833,-17.72,77,0,5.0,RU,1681518519
38,roald,62.5833,6.1333,9.31,87,100,4.12,NO,1681518519
39,namibe,-15.1961,12.1522,25.28,73,2,0.88,AO,1681518520
40,dandong,40.1292,124.3947,13.13,67,52,1.8,CN,1681518520
41,new norfolk,-42.7826,147.0587,16.62,75,88,0.45,AU,1681518520
42,fortuna,40.5982,-124.1573,13.85,72,35,1.34,US,1681518521
43,eyl,7.9803,49.8164,27.86,77,73,4.96,SO,1681518521
44,sawtell,-30.3833,153.1,23.99,49,20,3.6,AU,1681518521
45,ocala,29.1872,-82.1401,25.55,69,0,2.06,US,1681518460
46,punta arenas,-53.15,-70.9167,5.06,75,75,4.12,CL,1681518522
47,mount gambier,-37.8333,140.7667,14.62,92,100,1.96,AU,1681518522
48,suntar,62.1444,117.6319,-2.19,87,48,3.62,RU,1681518522
49,port alfred,-33.5906,26.891,13.43,77,48,2.68,ZA,1681518523
50,sai buri,6.7013,101.6168,25.84,88,62,2.06,TH,1681518523
51,kavieng,-2.5744,150.7967,28.63,76,100,3.59,PG,1681518523
52,narsaq,60.9167,-46.05,5.12,59,100,5.71,GL,1681518523
53,upernavik,72.7868,-56.1549,-13.64,98,74,4.25,GL,1681518524
54,osorno,-40.5667,-73.15,11.17,62,0,0.0,CL,1681518312
55,severnyy-kospashskiy,59.0925,57.8008,-10.29,95,11,1.34,RU,1681518524
56,calama,-22.4667,-68.9333,15.27,14,0,2.57,CL,1681518248
57,sioux lookout,50.1001,-91.917,4.04,81,100,2.06,CA,1681518525
58,dudinka,69.4058,86.1778,-22.76,99,100,1.77,RU,1681518525
59,susangerd,31.5608,48.1831,18.55,49,2,4.7,IR,1681518525
60,walcz,53.2779,16.4712,8.83,84,100,5.56,PL,1681518525
61,nikolskoye,59.7035,30.7861,1.0,58,100,3.53,RU,1681518525
62,puerto ayora,-0.7393,-90.3518,28.08,89,87,0.89,EC,1681518307
63,cabo san lucas,22.8909,-109.9124,28.12,58,20,8.75,MX,1681518341
64,concepcion del oro,24.6333,-101.4167,21.11,16,100,10.75,MX,1681518526
65,atuona,-9.8,-139.0333,26.67,70,11,1.9,PF,1681518526
66,saint-philippe,-21.3585,55.7679,24.77,73,35,2.88,RE,1681518526
67,hovd,48.0056,91.6419,6.72,40,100,2.22,MN,1681518527
68,saskylakh,71.9167,114.0833,-6.5,91,57,7.79,RU,1681518527
69,longyearbyen,78.2186,15.6401,0.91,86,20,0.51,SJ,1681518527
70,saint george,37.1041,-113.5841,20.24,15,0,9.77,US,1681518312
71,vaini,-21.2,-175.2,30.09,74,75,6.69,TO,1681518527
72,bredasdorp,-34.5322,20.0403,11.97,66,15,0.71,ZA,1681518528
73,melville,40.7934,-73.4151,22.75,68,0,4.63,US,1681518528
74,hilo,19.7297,-155.09,26.85,68,0,6.17,US,1681518401
75,inuvik,68.3499,-133.7218,-13.58,66,75,4.12,CA,1681518528
76,havoysund,70.9963,24.6622,1.13,56,0,3.09,NO,1681518528
77,kahului,20.8947,-156.47,27.01,65,40,8.75,US,1681518529
78,dikson,73.5069,80.5464,-20.0,97,100,5.88,RU,1681518529
79,mahebourg,-20.4081,57.7,25.14,94,40,1.54,MU,1681518529
80,tessalit,20.1986,1.0114,27.24,11,10,3.88,ML,1681518530
81,kieta,-6.2167,155.6333,28.7,69,94,1.28,PG,1681518530
82,nishihara,26.1842,127.7558,24.03,97,100,5.66,JP,1681518316
83,sao filipe,14.8961,-24.4956,23.94,79,21,1.79,CV,1681518530
84,zwedru,6.0667,-8.1281,23.68,95,100,1.58,LR,1681518531
85,bluff,-46.6,168.3333,14.62,68,1,1.74,NZ,1681518531
86,breves,-1.6822,-50.4803,24.9,82,93,1.17,BR,1681518531
87,torbay,47.6666,-52.7314,2.54,88,100,7.2,CA,1681518531
88,bengkulu,-3.8004,102.2655,24.69,85,94,1.59,ID,1681518531
89,puertollano,38.6871,-4.1073,11.64,93,83,2.31,ES,1681518531
90,qaanaaq,77.484,-69.3632,-13.82,74,35,1.89,GL,1681518532
91,puerto leguizamo,-0.1934,-74.7819,25.28,86,98,0.4,CO,1681518532
92,senno,59.5336,33.9167,-0.97,59,95,3.54,RU,1681518532
93,severo-kurilsk,50.6789,156.125,1.55,99,100,4.78,RU,1681518532
94,cidreira,-30.1811,-50.2056,19.66,71,100,4.26,BR,1681518532
95,ilulissat,69.2167,-51.1,-2.99,93,33,2.06,GL,1681518532
96,broken hill,-31.95,141.4333,15.14,80,100,6.76,AU,1681518532
97,komsomolskiy,40.4272,71.7189,20.4,45,81,6.17,UZ,1681518533
98,vardo,70.3705,31.1107,-3.01,63,1,9.26,NO,1681518533
99,urkarakh,42.163,47.6307,3.09,60,64,2.14,RU,1681518533
100,wollongong,-34.4333,150.8833,23.29,67,55,2.64,AU,1681518252
101,zhezkazgan,47.8043,67.7144,13.33,72,87,7.16,KZ,1681518534
102,faanui,-16.4833,-151.75,26.96,75,12,3.16,PF,1681518534
103,taltal,-25.4,-70.4833,19.95,71,5,2.26,CL,1681518534
104,storforshei,66.4043,14.5233,3.88,48,75,6.17,NO,1681518534
105,geraldton,-28.7667,114.6,16.23,55,98,5.66,AU,1681518534
106,provideniya,64.3833,-173.3,-11.01,69,0,2.37,RU,1681518535
107,barrow,71.2906,-156.7887,-18.99,78,0,4.12,US,1681518535
108,hualmay,-11.0964,-77.6139,24.36,80,92,5.74,PE,1681518535
109,mataura,-46.1927,168.8643,16.8,56,2,1.55,NZ,1681518536
110,berlevag,70.8578,29.0864,-1.0,55,2,4.63,NO,1681518536
111,auki,-8.7676,160.7034,25.82,87,100,5.93,SB,1681518536
112,szendro,48.4,20.7333,5.55,95,81,0.81,HU,1681518536
113,sungaipenuh,-2.0833,101.3833,18.54,93,100,0.44,ID,1681518536
114,oranjestad,12.524,-70.027,26.97,82,20,9.26,AW,1681518523
115,bubaque,11.2833,-15.8333,24.96,78,18,4.75,GW,1681518537
116,alice springs,-23.7,133.8833,16.75,100,100,3.09,AU,1681518537
117,dharchula,29.85,80.5333,18.34,32,84,3.11,IN,1681518537
118,bathsheba,13.2167,-59.5167,26.34,78,40,6.17,BB,1681518537
119,albany,42.6001,-73.9662,24.21,46,86,1.34,US,1681518335
120,osoyoos,49.0331,-119.4524,15.23,29,29,3.09,CA,1681518538
121,yarada,17.65,83.2667,28.58,60,70,3.47,IN,1681518538
122,victoria,22.2855,114.1577,26.35,87,17,1.34,HK,1681518474
123,lebu,-37.6167,-73.65,12.04,84,1,6.93,CL,1681518538
124,rio grande,-32.035,-52.0986,16.06,66,13,4.52,BR,1681518539
125,charagua,-19.8,-63.2167,14.38,95,100,1.81,BO,1681518539
126,znamenskoye,57.1281,73.8282,-10.42,73,17,2.98,RU,1681518539
127,yellowknife,62.456,-114.3525,1.29,69,40,5.14,CA,1681518539
128,zhangye,38.9342,100.4517,10.68,21,66,3.09,CN,1681518540
129,portland,45.5234,-122.6762,16.33,44,20,2.24,US,1681518297
130,tiksi,71.6872,128.8694,-9.43,88,26,1.81,RU,1681518540
131,roma,43.2128,-75.4557,22.07,48,0,0.0,US,1681518493
132,tazmalt,36.3868,4.3989,12.83,62,6,1.87,DZ,1681518540
133,la rioja,42.25,-2.5,5.88,85,98,2.71,ES,1681518541
134,te anau,-45.4167,167.7167,16.44,63,2,0.22,NZ,1681518541
135,kodiak,57.79,-152.4072,2.73,52,100,5.66,US,1681518541
136,necochea,-38.5473,-58.7368,11.07,66,81,1.98,AR,1681518542
137,altay,47.8667,88.1167,5.97,60,100,3.02,CN,1681518542
138,dalvik,65.9702,-18.5286,0.96,95,100,0.46,IS,1681518542
139,coahuayana,18.7333,-103.6833,28.8,38,2,2.84,MX,1681518542
140,port elizabeth,-33.918,25.5701,14.62,69,0,4.12,ZA,1681518542
141,gawler,-34.6,138.7333,16.25,96,96,5.53,AU,1681518543
142,hithadhoo,-0.6,73.0833,28.74,69,73,4.07,MV,1681518543
143,goma,-1.6792,29.2228,16.43,91,99,1.24,CD,1681518543
144,grindavik,63.8424,-22.4338,4.26,87,0,1.03,IS,1681518543
145,butaritari,3.0707,172.7902,27.49,79,53,3.87,KI,1681518544
146,ribeira grande,38.5167,-28.7,17.65,91,98,10.73,PT,1681518544
147,shetpe,44.1667,52.1167,10.71,64,99,10.63,KZ,1681518544
148,lake city,30.1897,-82.6393,23.77,49,0,2.57,US,1681518545
149,kushima,31.4583,131.2333,18.17,97,100,1.16,JP,1681518545
150,agde,43.3108,3.4758,13.02,72,0,9.77,FR,1681518546
151,svetlyy,54.675,20.1347,10.03,85,95,6.66,RU,1681518546
152,zhanakorgan,43.9098,67.2495,18.52,45,94,7.03,KZ,1681518547
153,mengen,48.0495,9.3301,4.42,86,53,0.29,DE,1681518547
154,sisimiut,66.9395,-53.6735,-4.67,76,13,4.36,GL,1681518547
155,villa carlos paz,-31.4241,-64.4978,13.55,41,75,4.47,AR,1681518547
156,hasaki,35.7333,140.8333,16.79,74,100,4.85,JP,1681518548
157,inhambane,-23.865,35.3833,22.77,90,21,4.88,MZ,1681518548
158,tabou,4.423,-7.3528,26.88,85,99,3.52,CI,1681518548
159,solnechnyy,50.7214,136.6319,1.27,48,99,0.91,RU,1681518548
160,east london,-33.0153,27.9116,15.7,62,23,7.22,ZA,1681518549
161,nelipyno,48.561,23.0315,9.27,95,100,0.87,UA,1681518250
162,bethel,41.3712,-73.414,26.05,43,0,3.6,US,1681518549
163,awbari,26.5921,12.7805,21.94,11,0,2.03,LY,1681518550
164,kununurra,-15.7667,128.7333,28.99,79,89,2.57,AU,1681518376
165,basco,20.4487,121.9702,26.25,86,11,5.2,PH,1681518550
166,maniitsoq,65.4167,-52.9,-0.75,81,27,3.39,GL,1681518550
167,jiwani,25.05,61.7417,27.05,69,22,7.22,PK,1681518251
168,sakaiminato,35.55,133.2333,13.99,94,75,3.09,JP,1681518551
169,planadas,3.197,-75.6451,23.24,88,87,1.9,CO,1681518551
170,morondava,-20.2833,44.2833,23.6,88,0,2.69,MG,1681518551
171,changji,44.0167,87.3167,12.44,37,0,2.0,CN,1681518551
172,kruisfontein,-34.0033,24.7314,12.71,69,5,4.54,ZA,1681518552
173,luderitz,-26.6481,15.1594,20.45,43,0,6.33,NA,1681518552
174,lompoc,34.6391,-120.4579,17.61,71,75,5.14,US,1681518552
175,oktyabrskiy,54.4815,53.471,-4.0,39,0,7.33,RU,1681518552
176,trabzon,40.9167,39.8333,9.05,66,0,2.06,TR,1681518553
177,georgetown,5.4112,100.3354,27.97,89,40,1.54,MY,1681518399
178,kuminskiy,58.6667,66.5667,-9.08,61,0,1.02,RU,1681518553
179,rafaela,-31.2503,-61.4867,16.66,44,49,0.45,AR,1681518554
180,sorland,67.667,12.6934,5.92,74,86,6.78,NO,1681518554
181,baoning,25.3378,110.026,19.92,83,40,3.0,CN,1681518554
182,straumen,63.8709,11.2999,7.0,77,100,2.64,NO,1681518554
183,havre-saint-pierre,50.2334,-63.5986,3.2,52,0,5.66,CA,1681518555
184,starodub,52.5844,32.7633,5.01,59,100,5.26,RU,1681518555
185,nemuro,43.3236,145.575,3.54,68,49,2.81,JP,1681518555
186,okha,53.5739,142.9478,-2.59,86,100,2.9,RU,1681518555
187,ahuimanu,21.4447,-157.8378,28.84,62,40,6.17,US,1681518556
188,ngunguru,-35.6167,174.5,18.61,76,100,10.91,NZ,1681518556
189,atherton,53.5237,-2.4935,6.35,89,72,1.82,GB,1681518556
190,khatanga,71.9667,102.5,-12.18,95,99,7.15,RU,1681518556
191,alofi,-19.0595,-169.9187,28.94,61,79,6.17,NU,1681518557
192,esperance,-33.8667,121.9,15.04,67,98,9.1,AU,1681518557
193,souillac,-20.5167,57.5167,24.21,94,40,1.54,MU,1681518557
194,skibbereen,51.55,-9.2667,6.73,87,18,2.23,IE,1681518558
195,ambilobe,-13.2,49.05,22.07,96,11,1.27,MG,1681518558
196,mwingi,-0.9344,38.0601,19.83,87,89,0.86,KE,1681518559
197,coihaique,-45.5752,-72.0662,6.97,76,0,1.54,CL,1681518559
198,nanortalik,60.1432,-45.2371,1.22,80,100,1.98,GL,1681518559
199,pisco,-13.7,-76.2167,24.03,78,0,9.26,PE,1681518560
200,verkhoyansk,67.5447,133.385,-7.25,92,100,1.5,RU,1681518560
201,leningradskiy,69.3833,178.4167,-13.35,80,23,2.72,RU,1681518561
202,port hardy,50.6996,-127.4199,11.1,50,100,6.17,CA,1681518561
203,hamilton,39.1834,-84.5333,22.69,60,75,1.54,US,1681518561
204,cockburn town,21.4612,-71.1419,25.8,80,74,8.98,TC,1681518561
205,palu,-0.8917,119.8707,28.0,77,97,0.64,ID,1681518561
206,ponta do sol,32.6667,-17.1,17.35,75,1,2.92,PT,1681518562
207,la brea,15.8,-85.9667,28.73,70,20,5.14,HN,1681518563
208,kitgum,3.2783,32.8867,19.99,74,61,2.27,UG,1681518563
209,amambai,-23.1042,-55.2258,18.8,95,32,1.82,BR,1681518563
210,kaitangata,-46.2817,169.8464,16.63,69,4,3.13,NZ,1681518563
211,myitkyina,25.3833,97.4,21.7,39,21,0.91,MM,1681518563
212,bowen,-20.0167,148.2333,27.1,67,93,3.67,AU,1681518564
213,poum,-20.2333,164.0167,25.22,78,100,2.28,NC,1681518564
214,sao felix do xingu,-6.6447,-51.995,23.17,95,66,0.82,BR,1681518564
215,bloomfield,40.8068,-74.1854,28.81,31,0,7.2,US,1681518565
216,cayenne,4.9333,-52.3333,24.02,94,20,1.03,GF,1681518565
217,tura,25.5198,90.2201,25.26,25,100,1.45,IN,1681518565
218,vila franca do campo,37.7167,-25.4333,17.23,85,97,4.39,PT,1681518565
219,dingle,10.9995,122.6711,28.25,71,45,0.98,PH,1681518566
220,taoudenni,22.6783,-3.9836,28.69,8,0,3.54,ML,1681518566
221,talnakh,69.4865,88.3972,-23.65,97,100,3.71,RU,1681518566
222,evensk,61.95,159.2333,-6.52,60,92,5.86,RU,1681518566
223,chokurdakh,70.6333,147.9167,-9.63,88,100,1.69,RU,1681518567
224,clyde river,70.4692,-68.5914,-14.87,78,100,4.12,CA,1681518567
225,liberia,6.5,-9.5,23.97,94,100,0.87,LR,1681518567
226,akdepe,42.0551,59.3788,9.05,47,2,3.17,TM,1681518567
227,srednekolymsk,67.45,153.6833,-7.13,72,37,2.51,RU,1681518568
228,san patricio,28.017,-97.5169,26.05,83,99,6.11,US,1681518568
229,rocha,-34.4833,-54.3333,9.03,81,10,1.48,UY,1681518569
230,lavrentiya,65.5833,-171.0,-14.52,76,5,4.6,RU,1681518569
231,honningsvag,70.9821,25.9704,0.86,55,0,1.54,NO,1681518569
232,hervey bay,-25.2986,152.8535,23.52,61,1,2.53,AU,1681518474
233,biak,-0.9131,122.8766,27.09,74,99,0.43,ID,1681518570
234,knysna,-34.0363,23.0471,12.41,72,3,2.32,ZA,1681518570
235,umm kaddadah,13.6017,26.6876,25.2,12,1,5.7,SD,1681518570
236,zaprudnya,56.5667,37.4333,-0.68,50,97,3.84,RU,1681518571
237,ketchikan,55.3422,-131.6461,7.26,70,100,7.72,US,1681518571
238,ancud,-41.8697,-73.8203,9.13,85,2,2.22,CL,1681518572
239,rawlins,41.7911,-107.2387,1.94,55,20,4.63,US,1681518369
240,beringovskiy,63.05,179.3167,-12.4,81,24,3.28,RU,1681518572
241,petropavlovsk-kamchatskiy,53.0452,158.6483,0.33,100,100,5.0,RU,1681518573
242,kaseda,31.4167,130.3167,19.29,96,100,6.61,JP,1681518453
243,norman wells,65.282,-126.8329,-9.98,67,100,3.09,CA,1681518573
244,guerrero negro,27.9769,-114.0611,16.34,55,8,8.28,MX,1681518573
245,mezhdurechensk,53.6942,88.0603,-5.83,86,100,1.85,RU,1681518574
246,pevek,69.7008,170.3133,-12.91,76,67,6.28,RU,1681518574
247,lannion,48.75,-3.4167,10.01,85,36,0.89,FR,1681518574
248,vernon,50.2581,-119.2691,13.74,31,59,1.79,CA,1681518574
249,barguzin,53.6167,109.6167,-1.44,56,31,2.9,RU,1681518574
250,thompson,55.7435,-97.8558,6.09,45,75,2.06,CA,1681518575
251,richards bay,-28.783,32.0377,19.78,55,100,7.7,ZA,1681518575
252,nerchinskiy zavod,51.3088,119.61,2.77,59,100,0.52,RU,1681518575
253,sassandra,4.95,-6.0833,26.96,85,78,3.19,CI,1681518575
254,komsomolskoye,55.2567,47.5461,-2.53,43,0,7.05,RU,1681518575
255,northam,51.0333,-4.2167,8.12,85,5,3.57,GB,1681518576
256,chapais,49.7834,-74.8492,3.88,89,94,1.89,CA,1681518576
257,falun,60.6036,15.626,1.64,84,100,3.65,SE,1681518576
258,lata,40.1629,-8.3327,11.47,98,94,1.6,PT,1681518576
259,antalaha,-14.9003,50.2788,23.12,92,16,2.38,MG,1681518577
260,chibombo,-14.6569,28.0706,16.85,82,24,2.21,ZM,1681518577
261,requena,39.4883,-1.1004,10.45,64,34,4.04,ES,1681518577
262,nueva concepcion,14.2,-91.3,30.49,53,38,4.25,GT,1681518577
263,tautira,-17.7333,-149.15,26.73,65,43,0.88,PF,1681518577
264,galesong,-5.3166,119.3661,27.01,78,98,3.14,ID,1681518577
265,okhotsk,59.3833,143.3,-3.93,78,99,2.04,RU,1681518578
266,elko,41.0002,-115.5012,10.01,26,97,7.6,US,1681518578
267,bolgar,54.95,49.0667,-1.17,46,0,10.57,RU,1681518578
268,urucui,-7.2294,-44.5561,25.91,71,100,1.17,BR,1681518579
269,kangaatsiaq,68.3065,-53.4641,-3.79,92,6,4.19,GL,1681518579
270,saldanha,-33.0117,17.9442,13.03,74,14,6.91,ZA,1681518579
271,tsiroanomandidy,-18.7667,46.0333,18.14,95,4,0.93,MG,1681518580
272,zhigansk,66.7697,123.3711,-9.98,86,29,2.9,RU,1681518580
273,kembe,4.6228,21.8865,22.11,96,97,0.63,CF,1681518581
274,mehamn,71.0357,27.8492,-1.03,51,0,7.2,NO,1681518581
275,roanoke rapids,36.4615,-77.6542,21.03,100,100,2.57,US,1681518582
276,itapuranga,-15.5622,-49.9486,21.13,88,87,0.83,BR,1681518582
277,baykit,61.67,96.37,-19.36,98,77,1.45,RU,1681518582
278,paka,4.6374,103.4368,25.96,94,20,0.0,MY,1681518582
279,lagoa,39.05,-27.9833,16.53,82,67,6.51,PT,1681518582
280,mar del plata,-38.0023,-57.5575,12.19,82,74,1.03,AR,1681518427
281,longonjo,-12.9067,15.2533,16.94,82,52,1.24,AO,1681518583
282,aden,12.7794,45.0367,27.67,81,2,6.77,YE,1681518583
283,fortuna foothills,32.6578,-114.4119,25.86,25,0,3.6,US,1681518583
284,codrington,-38.2667,141.9667,15.78,89,100,7.9,AU,1681518584
285,tubuala,9.5167,-79.0333,26.13,76,85,5.56,PA,1681518584
286,arraial do cabo,-22.9661,-42.0278,22.9,93,83,2.81,BR,1681518584
287,russell,32.3502,-85.1999,21.78,77,0,0.0,US,1681518585
288,harper,4.375,-7.7169,27.36,82,100,3.78,LR,1681518585
289,kidal,18.4411,1.4078,29.64,10,32,4.83,ML,1681518585
290,fare,-16.7,-151.0167,26.77,74,5,3.48,PF,1681518585
291,pangnirtung,66.1451,-65.7125,-11.39,90,58,2.02,CA,1681518585
292,det udom,14.906,105.0784,28.9,58,35,4.39,TH,1681518586
293,pecos,31.4229,-103.4932,29.58,8,0,6.17,US,1681518586
294,orda,57.1951,56.9091,-4.92,43,0,3.3,RU,1681518586
295,olafsvik,64.8945,-23.7142,4.4,78,10,2.31,IS,1681518586
296,ofaqim,31.3141,34.6203,16.23,66,60,2.18,IL,1681518587
297,skibotn,69.3913,20.2679,-2.92,88,12,6.5,NO,1681518587
298,luce,48.4369,1.4636,8.9,96,98,2.24,FR,1681518587
299,kaeo,-35.1,173.7833,19.62,84,100,8.87,NZ,1681518588
300,karymskoye,51.6167,114.35,0.99,43,32,0.83,RU,1681518588
301,kualakapuas,-3.0091,114.3876,24.94,93,99,0.51,ID,1681518588
302,estacion coahuila,32.1939,-115.0017,25.94,14,0,0.63,MX,1681518588
303,fairbanks,64.8378,-147.7164,3.0,42,40,5.66,US,1681518463
304,alyangula,-13.8483,136.4192,28.56,71,84,5.47,AU,1681518589
305,khorixas,-20.3667,14.9667,23.32,22,51,2.66,NA,1681518589
306,santa marinella,42.0345,11.8536,10.95,87,68,2.23,IT,1681518590
307,srandakan,-7.9386,110.2506,25.07,83,98,1.16,ID,1681518590
308,fort nelson,58.8053,-122.7002,8.77,34,75,3.6,CA,1681518590
309,avera,33.194,-82.5271,20.03,75,69,3.14,US,1681518591
310,moron,-34.6534,-58.6198,16.65,60,8,2.27,AR,1681518591
311,kavaratti,10.5669,72.642,28.74,75,93,2.71,IN,1681518591
312,port-gentil,-0.7193,8.7815,25.32,84,100,4.91,GA,1681518591
313,sitka,57.0531,-135.33,7.94,53,100,5.66,US,1681518592
314,noumea,-22.2763,166.4572,27.22,99,100,2.26,NC,1681518326
315,isla vista,34.4133,-119.861,18.24,70,0,4.12,US,1681518592
316,lieksa,63.3167,30.0167,-6.7,92,12,2.6,FI,1681518593
317,alice,27.7523,-98.0697,27.09,74,0,6.69,US,1681518465
318,qaqortoq,60.7167,-46.0333,1.76,55,100,5.37,GL,1681518593
319,rio gallegos,-51.6226,-69.2181,7.03,49,0,4.12,AR,1681518593
320,gornozavodsk,58.3758,58.3211,-9.23,80,1,1.09,RU,1681518594
321,boyabat,41.4689,34.7667,11.92,63,16,0.66,TR,1681518594
322,fort morgan,40.2503,-103.8,2.93,100,100,4.19,US,1681518594
323,mayumba,-3.432,10.6554,26.13,86,100,0.98,GA,1681518594
324,aklavik,68.2191,-135.0107,-12.16,86,100,4.05,CA,1681518594
325,xuddur,4.1213,43.8894,24.51,65,51,5.3,SO,1681518594
326,sao joao da barra,-21.6403,-41.0511,23.05,91,59,1.79,BR,1681518595
327,san quintin,30.4833,-115.95,15.21,64,12,7.7,MX,1681518596
328,matara,5.9485,80.5353,25.18,88,68,1.42,LK,1681518596
329,tres arroyos,-38.3739,-60.2798,11.11,43,100,2.14,AR,1681518596
330,atlantic beach,30.3344,-81.3987,26.7,74,0,4.63,US,1681518354
331,bugembe,0.4797,33.2344,18.26,90,85,0.5,UG,1681518596
332,oktyabrskoye,43.0645,44.7417,4.08,86,23,3.0,RU,1681518597
333,darhan,49.4867,105.9228,2.1,35,49,3.38,MN,1681518597
334,chojnice,53.6955,17.557,9.17,79,100,5.35,PL,1681518597
335,illapel,-31.6308,-71.1653,15.8,75,68,1.68,CL,1681518597
336,sihora,23.4833,80.1167,28.21,23,98,2.41,IN,1681518598
337,sar-e pul,35.8333,66.1667,13.38,64,48,0.59,AF,1681518598
338,zelenets,61.8849,50.7489,-3.86,98,49,2.04,RU,1681518598
339,eldorado,-23.7869,-54.2836,23.93,91,40,1.49,BR,1681518598
340,bokoro,12.3807,17.0568,29.53,14,86,3.78,TD,1681518598
341,mawlaik,23.6333,94.4167,23.88,32,52,0.12,MM,1681518598
342,hami,42.8,93.45,14.27,21,100,1.1,CN,1681518599
343,swidwin,53.7746,15.7767,9.08,82,100,5.92,PL,1681518599
344,marsh harbour,26.5412,-77.0636,24.91,83,84,5.23,BS,1681518599
345,jalu,29.0331,21.5482,21.04,12,0,4.04,LY,1681518599
346,siero,43.3833,-5.6667,12.43,86,58,1.52,ES,1681518600
347,chara,56.9064,118.2631,-7.38,84,74,0.85,RU,1681518600
348,tefe,-3.3542,-64.7114,25.04,92,100,0.91,BR,1681518600
349,vakhrushev,48.9833,142.9667,0.7,59,20,2.14,RU,1681518600
350,salamanca,40.8333,-6.0,8.88,95,29,3.28,ES,1681518601
351,golden,39.7555,-105.2211,3.9,92,100,3.6,US,1681518601
352,saint anthony,45.0205,-93.218,22.96,58,100,5.66,US,1681518602
353,camargo,27.6667,-105.1667,24.46,17,0,12.85,MX,1681518605
354,ust-nera,64.5667,143.2,-6.58,85,83,2.56,RU,1681518608
355,tezu,27.9167,96.1667,27.84,36,85,0.79,IN,1681518608
356,ambon,-3.6954,128.1814,27.08,83,40,2.57,ID,1681518608
357,kirakira,-10.4544,161.9205,28.28,79,100,13.61,SB,1681518608
358,affery,6.315,-3.9603,24.99,88,100,1.55,CI,1681518609
359,cherskiy,68.75,161.3,-6.61,72,42,6.95,RU,1681518609
360,gravdal,68.1214,13.5031,3.21,69,22,3.2,NO,1681518609
361,nachalovo,46.338,48.2013,7.96,100,100,10.0,RU,1681518609
362,kvitok,56.0724,98.4813,-6.21,81,100,4.88,RU,1681518610
363,ashland,40.8167,-82.2665,21.3,44,99,1.32,US,1681518610
364,am timan,11.0297,20.2827,31.75,28,70,2.2,TD,1681518610
365,montevideo,-34.8335,-56.1674,15.84,61,20,3.13,UY,1681518506
366,hofn,64.2539,-15.2082,1.08,81,79,4.17,IS,1681518614
367,kysyl-syr,63.8986,122.7617,-3.13,93,78,3.22,RU,1681518617
368,puerto ayacucho,5.6639,-67.6236,28.55,67,100,3.65,VE,1681518618
369,margate,51.3813,1.3862,8.28,87,100,0.89,GB,1681518351
370,axim,4.8699,-2.2405,26.5,89,100,2.27,GH,1681518619
371,ostrovnoy,68.0531,39.5131,-1.39,69,6,6.3,RU,1681518622
372,caravelas,-17.7125,-39.2481,25.62,79,97,5.62,BR,1681518623
373,shizukuishi,39.6833,140.9833,12.43,55,100,2.77,JP,1681518623
374,majene,-3.5403,118.9707,28.22,74,99,2.33,ID,1681518623
375,sibolga,1.7427,98.7792,25.46,86,100,1.07,ID,1681518624
376,bodo,67.28,14.405,5.02,45,0,11.83,NO,1681518625
377,tilichiki,60.4667,166.1,-9.69,87,15,4.47,RU,1681518625
378,thunder bay,48.4001,-89.3168,10.99,62,20,3.09,CA,1681518626
379,wuwei,37.9281,102.6414,13.72,14,15,1.13,CN,1681518633
380,pangai,-19.8,-174.35,30.06,66,20,7.2,TO,1681518636
381,nelson,-41.2833,173.2833,16.53,55,52,0.52,NZ,1681518390
382,salalah,17.0151,54.0924,25.08,88,34,3.42,OM,1681518637
383,lorengau,-2.0226,147.2712,28.34,81,100,4.93,PG,1681518637
384,kwinana,-32.25,115.7667,14.89,80,99,1.44,AU,1681518637
385,haimen,23.1935,116.6142,26.94,60,0,5.32,CN,1681518637
386,teya,60.3778,92.6267,-16.64,92,92,2.55,RU,1681518638
387,kjollefjord,70.9457,27.3465,1.03,51,0,7.2,NO,1681518638
388,urucara,-2.5364,-57.76,24.48,96,100,0.46,BR,1681518638
389,ledyard,41.4398,-72.0142,21.1,63,0,2.06,US,1681518638
390,nolinsk,57.5596,49.9363,-3.93,66,0,4.93,RU,1681518638
391,khovu-aksy,51.1333,93.6,0.32,53,100,2.06,RU,1681518639
392,pimentel,-6.8367,-79.9342,27.16,74,0,6.17,PE,1681518639
393,hearst,49.6835,-83.6665,7.14,96,63,4.68,CA,1681518639
394,port hedland,-20.3167,118.5667,23.03,40,100,9.26,AU,1681518639
395,tatvan,38.5067,42.2817,2.74,91,84,2.02,TR,1681518639
396,manokwari,-0.8667,134.0833,28.13,69,100,1.92,ID,1681518402
397,dukat,62.55,155.55,-9.29,82,100,2.08,RU,1681518640
398,lolodorf,3.2333,10.7333,21.04,89,100,1.23,CM,1681518640
399,springbok,-29.6643,17.8865,14.27,23,0,5.98,ZA,1681518640
400,papara,-3.9839,-38.7273,26.22,94,100,1.25,BR,1681518640
401,xining,36.6167,101.7667,5.92,27,8,0.94,CN,1681518640
402,gat,31.61,34.7642,17.44,62,100,2.25,IL,1681518641
403,san cristobal,7.7669,-72.225,22.1,94,100,1.03,VE,1681518641
404,lawton,34.6087,-98.3903,26.95,54,0,9.26,US,1681518641
405,oranjemund,-28.55,16.4333,15.05,77,0,9.2,NA,1681518641
406,kill,52.1761,-7.335,6.52,85,100,2.36,IE,1681518641
407,monrovia,6.3005,-10.7969,27.32,87,92,3.08,LR,1681518634
408,doctor arroyo,23.6667,-100.1833,25.33,13,100,5.7,MX,1681518642
409,ibia,-19.4783,-46.5389,19.39,93,100,0.81,BR,1681518642
410,namatanai,-3.6667,152.4333,26.51,86,100,7.62,PG,1681518642
411,zuwarah,32.9312,12.082,14.73,55,90,3.4,LY,1681518642
412,mpulungu,-8.7623,31.1141,22.46,80,99,2.76,ZM,1681518642
413,erenhot,43.6475,111.9767,2.36,32,76,1.17,CN,1681518643
414,owando,-0.4819,15.8999,22.1,97,100,1.1,CG,1681518643
415,soeng sang,14.4264,102.4606,29.69,40,91,2.42,TH,1681518643
416,isahaya,32.8411,130.0431,16.63,93,75,4.63,JP,1681518643
417,loreto,22.2667,-101.9667,22.62,12,100,9.89,MX,1681518643
418,xingcheng,40.6167,120.7167,13.34,17,0,5.48,CN,1681518644
419,bikaner,28.0167,73.3,28.06,20,0,3.76,IN,1681518644
420,mandalgovi,45.7625,106.2708,2.46,27,100,4.95,MN,1681518644
421,buraydah,26.326,43.975,19.25,35,86,6.02,SA,1681518644
422,marathon,44.9,-89.7668,24.58,31,0,2.57,US,1681518644
423,igarka,67.4667,86.5833,-21.28,96,100,4.14,RU,1681518644
424,san nicolas,18.1725,120.5953,26.95,89,75,5.14,PH,1681518645
425,naze,28.3667,129.4833,21.51,91,62,6.61,JP,1681518645
426,meulaboh,4.1363,96.1285,24.85,91,100,1.5,ID,1681518645
427,latung,5.5,120.8833,28.06,69,42,1.01,PH,1681518645
428,vila velha,-20.3297,-40.2925,26.97,88,75,4.63,BR,1681518645
429,mandera,3.9366,41.867,29.05,45,75,4.65,KE,1681518646
430,englewood,39.6478,-104.9878,4.02,90,100,3.6,US,1681518512
431,fukue,32.6881,128.8419,16.2,100,75,4.12,JP,1681518646
432,nyurba,63.2842,118.3319,-0.8,88,23,3.59,RU,1681518646
433,cody,44.5263,-109.0565,2.45,74,100,3.6,US,1681518441
434,vila,42.0304,-8.1588,5.49,96,84,0.35,PT,1681518647
435,roebourne,-20.7833,117.1333,24.71,33,16,9.01,AU,1681518647
436,cabra,37.4725,-4.4421,12.15,71,41,1.46,ES,1681518647
437,cairns,-16.9167,145.7667,32.84,55,100,1.03,AU,1681518647
438,san martin,-33.081,-68.4681,14.3,62,74,0.98,AR,1681518384
439,moree,-29.4667,149.85,25.05,33,21,4.77,AU,1681518648
440,toora-khem,52.4675,96.11,-0.07,78,100,1.11,RU,1681518648
441,dauriya,49.9333,116.8667,4.66,48,100,1.41,RU,1681518648
442,ust-kuyga,70.0167,135.6,-5.02,74,49,1.63,RU,1681518648
443,ulaanbaatar,47.9077,106.8832,-4.93,63,20,0.0,MN,1681518648
444,airai,-8.9266,125.4092,21.04,70,100,0.88,TL,1681518649
445,neustrelitz,53.3667,13.0833,7.17,96,100,2.73,DE,1681518649
446,kaithal,29.8,76.3833,26.27,17,90,2.09,IN,1681518649
447,corinth,37.9407,22.9573,16.05,72,100,4.11,GR,1681518649
448,soyo,-6.1349,12.3689,27.62,81,40,1.33,AO,1681518649
449,sinnamary,5.3833,-52.95,26.65,84,100,6.0,GF,1681518650
450,manvi,15.9833,77.05,27.36,44,100,7.13,IN,1681518650
451,terme,41.2092,36.9739,8.96,69,1,2.13,TR,1681518650
452,marfino,55.7028,37.3822,1.16,29,0,7.0,RU,1681518650
453,manggar,-2.8833,108.2667,27.71,77,82,0.63,ID,1681518650
454,tahta,26.7693,31.5021,21.55,24,97,2.74,EG,1681518449
455,monopoli,40.9559,17.2896,10.99,61,10,4.01,IT,1681518651
456,yele,10.7323,13.5891,25.53,25,59,0.93,CM,1681518651
457,tumbes,-3.5667,-80.4414,26.97,83,75,1.54,PE,1681518651
458,altamira,-3.2033,-52.2064,23.91,95,99,0.87,BR,1681518651
459,tinaquillo,9.9186,-68.3047,29.04,90,35,2.27,VE,1681518651
460,at-bashi,41.1702,75.8106,6.65,46,44,0.94,KG,1681518651
461,broome,42.2506,-75.833,22.6,47,100,0.45,US,1681518651
462,harrison,30.4091,-89.0436,22.04,79,0,4.63,US,1681518652
463,sanmenxia,34.7747,111.1814,19.65,30,4,5.68,CN,1681518652
464,udachnyy,66.4167,112.4,-3.08,42,100,12.57,RU,1681518652
465,selcuk,37.9514,27.3685,14.93,80,100,2.53,TR,1681518652
466,sampit,-2.5333,112.95,27.74,77,95,1.6,ID,1681518652
467,nova serrana,-19.8761,-44.9836,20.34,91,100,0.06,BR,1681518653
468,tashara,55.5195,83.5094,-11.16,87,80,4.1,RU,1681518653
469,la ronge,55.1001,-105.2842,8.14,36,100,3.6,CA,1681518653
470,tulum,20.2167,-87.4667,26.28,82,10,3.14,MX,1681518510
471,hunchun,42.8675,130.3581,4.65,74,100,2.76,CN,1681518653
472,brae,60.3964,-1.353,7.09,85,6,7.65,GB,1681518653
473,buluang,13.3068,123.3425,29.9,66,6,1.84,PH,1681518654
474,hirara,24.8,125.2833,25.15,94,75,7.2,JP,1681518654
475,medzilaborce,49.2719,21.9007,8.97,93,100,4.47,SK,1681518654
476,lungesti,44.5667,24.1833,5.85,88,11,1.09,RO,1681518654
477,yuanping,38.7153,112.7575,14.79,20,80,7.05,CN,1681518654
478,guane,22.2025,-84.0875,24.5,77,100,1.91,CU,1681518654
479,miandrivazo,-19.5167,45.4667,22.35,95,6,0.75,MG,1681518655
480,madisonville,37.3281,-87.4989,21.04,60,0,2.68,US,1681518655
481,banes,20.9625,-75.7186,24.79,81,100,4.44,CU,1681518655
482,khandyga,62.6667,135.6,-1.27,92,100,0.26,RU,1681518655
483,baymak,52.5933,58.3225,-8.48,73,100,10.06,RU,1681518655
484,saint-raymond,45.467,-73.6095,16.19,37,20,5.14,CA,1681518655
485,katherine,-14.4667,132.2667,27.18,83,100,2.57,AU,1681518655
486,presidente epitacio,-21.7633,-52.1156,22.5,88,6,0.75,BR,1681518656
487,sorong,-0.8833,131.25,28.13,73,100,1.46,ID,1681518656
488,dalmatovo,56.26,62.9362,-7.74,45,0,3.45,RU,1681518656
489,tieling,42.2931,123.8414,12.92,18,0,3.69,CN,1681518656
490,grand gaube,-20.0064,57.6608,25.21,83,100,1.34,MU,1681518656
491,omboue,-1.5746,9.2618,22.1,99,100,2.68,GA,1681518657
492,carepa,7.7585,-76.6525,26.88,83,20,4.12,CO,1681518657
493,tazovskiy,67.4667,78.7,-25.16,100,100,3.5,RU,1681518657
494,pinas,-3.6667,-79.65,22.51,96,100,0.22,EC,1681518657
495,nelson bay,-32.7167,152.15,21.72,75,29,1.79,AU,1681518657
496,birao,10.2849,22.7882,28.21,20,100,2.72,CF,1681518658
497,bagdarin,54.4333,113.6,-2.85,61,100,2.13,RU,1681518658
498,vuktyl,63.8567,57.3094,-9.95,96,100,3.11,RU,1681518658
499,gaoyou,32.7858,119.4278,16.84,61,100,2.05,CN,1681518658
500,masvingo,-20.0637,30.8277,17.57,45,76,1.61,ZW,1681518658
501,muzhi,65.3667,64.6667,-5.53,78,100,7.56,RU,1681518659
502,flin flon,54.7682,-101.865,1.22,100,100,1.42,CA,1681518659
503,nogent-le-rotrou,48.3333,1.0,8.14,97,100,8.45,FR,1681518659
504,chabahar,25.2919,60.643,27.83,46,6,3.72,IR,1681518659
505,kumla,59.1277,15.1434,3.97,81,75,5.66,SE,1681518659
506,shingu,33.7333,135.9833,12.4,99,100,2.66,JP,1681518660
507,katsuura,35.1333,140.3,14.01,90,100,1.06,JP,1681518660
508,riviere-au-renard,48.9957,-64.3971,3.16,74,17,5.05,CA,1681518660
509,asifabad,19.3667,79.2833,30.98,30,99,4.59,IN,1681518660
510,maceio,-9.6658,-35.7353,24.69,88,0,2.57,BR,1681518531
511,labuan,5.2767,115.2417,28.2,83,20,1.03,MY,1681518660
512,bonavista,48.6499,-53.1147,0.75,86,100,10.59,CA,1681518661
513,tucuman,-26.8241,-65.2226,15.0,94,100,1.03,AR,1681518622
514,dana point,33.467,-117.6981,19.08,74,0,1.34,US,1681518657
515,shenjiamen,29.9576,122.298,15.18,89,70,7.08,CN,1681518661
516,bodden town,19.2833,-81.25,28.0,79,20,3.09,KY,1681518662
517,rolla,37.9514,-91.7713,25.08,40,0,4.63,US,1681518544
518,elizabeth city,36.2946,-76.2511,20.57,92,0,4.12,US,1681518662
519,egvekinot,66.3167,-179.1667,-14.58,77,6,0.15,RU,1681518663
520,santa isabel do rio negro,-0.4139,-65.0192,24.76,94,100,1.29,BR,1681518663
521,yaan,7.3833,8.5667,28.13,67,100,5.01,NG,1681518664
522,havelock,34.8791,-76.9013,21.99,91,0,2.06,US,1681518664
523,champasak,14.75,106.0,22.49,57,94,1.9,LA,1681518664
524,casablanca,33.5928,-7.6192,16.85,77,0,2.68,MA,1681518638
525,pasni,25.2631,63.471,25.68,87,6,3.01,PK,1681518665
526,trairi,-3.2778,-39.2689,22.94,98,100,2.21,BR,1681518629
527,kontagora,10.3999,5.4695,28.69,28,100,2.3,NG,1681518665
528,dothan,31.2232,-85.3905,23.11,60,20,3.6,US,1681518577
529,teguise,29.0605,-13.564,15.12,77,20,4.12,ES,1681518666
530,ratnagiri,16.9833,73.3,25.64,64,84,1.52,IN,1681518666
531,jonuta,18.0833,-92.1333,30.61,37,0,3.07,MX,1681518667
532,nome,64.5011,-165.4064,-10.47,62,0,3.6,US,1681518096
533,rock springs,41.5875,-109.2029,2.25,44,100,10.29,US,1681518667
534,bani,18.2833,-70.3333,27.14,77,11,3.47,DO,1681518667
535,wajir,1.7471,40.0573,26.42,70,97,5.47,KE,1681518667
536,astoria,46.1879,-123.8313,12.48,65,0,4.63,US,1681518668
537,makakilo city,21.3469,-158.0858,28.18,54,0,6.17,US,1681518668
538,sri aman,1.2376,111.4621,26.03,94,20,1.03,MY,1681518669
539,misratah,32.3754,15.0925,15.18,62,87,3.32,LY,1681518669
540,hvide sande,56.0045,8.1294,6.72,90,100,6.57,DK,1681518669
541,ubinskoye,55.3068,79.6802,-10.2,78,100,5.99,RU,1681518669
542,coquimbo,-29.9533,-71.3436,15.85,82,0,4.12,CL,1681518669
543,guiyang,26.5833,106.7167,14.27,94,100,3.0,CN,1681518623
544,kaiserslautern,49.45,7.75,4.7,91,0,0.45,DE,1681518670
545,abapo,-18.8333,-63.4667,14.49,93,100,0.8,BO,1681518670
546,tuatapere,-46.1333,167.6833,19.61,54,0,0.91,NZ,1681518671
547,bontang,0.1333,117.5,27.54,78,100,1.07,ID,1681518671
548,almaznyy,48.0448,40.045,2.34,97,100,3.91,RU,1681518671
549,shimoda,34.6667,138.95,14.2,92,100,5.19,JP,1681518671
550,darapidap,17.2131,120.4114,28.46,74,91,1.67,PH,1681518672
551,neuquen,-38.9516,-68.0591,11.94,82,0,1.03,AR,1681518637
552,grafton,42.207,-71.6856,22.36,53,100,2.45,US,1681518673
553,palmer,42.1584,-72.3287,25.75,40,75,3.09,US,1681518673
554,cabedelo,-6.9811,-34.8339,26.37,79,100,4.65,BR,1681518673
555,abha,18.2164,42.5053,14.14,63,0,0.0,SA,1681518673
556,bud,39.447,-86.1758,22.81,67,100,1.48,US,1681518673
557,havre,49.5833,0.3333,8.44,93,100,10.29,FR,1681518674
558,buchanan,5.8808,-10.0467,26.93,88,100,2.61,LR,1681518674
559,porto novo,6.4965,2.6036,27.83,82,100,3.55,BJ,1681518674
560,makarska,43.2969,17.0178,9.11,74,100,1.06,HR,1681518675
561,champerico,14.3,-91.9167,32.3,64,6,3.57,GT,1681518675
562,warrington,53.3925,-2.5802,6.66,91,0,3.09,GB,1681518675
563,wodonga,-36.1167,146.8833,19.98,100,97,4.48,AU,1681518676
564,winnemucca,40.973,-117.7357,14.03,13,0,5.14,US,1681518676
565,adrar,20.5022,-10.0711,27.67,20,0,3.31,MR,1681518676
566,veraval,20.9,70.3667,24.71,80,0,4.16,IN,1681518676
567,mayo,38.8876,-76.5119,23.45,84,0,3.6,US,1681518677
568,hondo,32.45,130.2,18.2,97,100,5.6,JP,1681518677
569,ximei,24.9639,118.3794,28.06,59,13,2.16,CN,1681518677
570,santa rosa,14.3122,121.1114,29.49,80,10,0.44,PH,1681518677
